id,type,file_name,created_at,company_id
ast-hex-001,pdf,what_is_hexenon.json,2024-01-15T09:00:00Z,comp-hexaloom-005
ast-hex-002,video,synthetic_sinew_demo.json,2024-02-10T10:30:00Z,comp-hexaloom-005
ast-hex-003,pdf,hexenon_m_surgical_specs.json,2024-03-05T14:15:00Z,comp-hexaloom-005
ast-hex-004,image,neuro_linker_diagram.json,2024-03-05T14:15:00Z,comp-hexaloom-005
ast-hex-005,video,spinal_bridge_case_study.json,2024-03-05T14:15:00Z,comp-hexaloom-005
ast-hex-006,pdf,ballistic_absorption_data.json,2024-03-20T08:45:00Z,comp-hexaloom-005
ast-hex-007,video,hexenon_x_impact_test.json,2024-03-20T08:45:00Z,comp-hexaloom-005
ast-hex-008,image,plating_layering_schema.json,2024-03-20T08:45:00Z,comp-hexaloom-005
ast-hex-009,pdf,non_toxic_polymer_standards.json,2024-04-12T16:20:00Z,comp-hexaloom-005
ast-hex-sub-001,video,user_submission_001.json,2024-02-15T14:20:00Z,comp-hexaloom-005
ast-hex-sub-002,text,user_submission_002.json,2024-02-16T09:10:00Z,comp-hexaloom-005
ast-hex-sub-003,video,user_submission_003.json,2024-02-16T11:45:00Z,comp-hexaloom-005
ast-hex-sub-004,video,user_submission_004.json,2024-02-17T15:30:00Z,comp-hexaloom-005
ast-hex-sub-005,audio,user_submission_005.json,2024-02-18T10:00:00Z,comp-hexaloom-005
ast-hex-sub-006,video,user_submission_006.json,2024-02-19T13:15:00Z,comp-hexaloom-005
ast-hex-sub-007,video,user_submission_007.json,2024-04-20T11:00:00Z,comp-hexaloom-005
ast-hex-sub-008,video,user_submission_008.json,2024-04-21T14:30:00Z,comp-hexaloom-005
ast-hex-sub-009,text,user_submission_009.json,2024-04-22T08:45:00Z,comp-hexaloom-005
ast-hex-sub-010,video,user_submission_010.json,2024-04-23T16:20:00Z,comp-hexaloom-005
ast-hex-sub-011,video,user_submission_011.json,2024-04-24T12:10:00Z,comp-hexaloom-005
ast-hex-sub-012,audio,user_submission_012.json,2024-04-25T09:50:00Z,comp-hexaloom-005
ast-hex-sub-013,video,user_submission_013.json,2024-01-20T10:00:00Z,comp-hexaloom-005
ast-hex-sub-014,text,user_submission_014.json,2024-01-21T11:30:00Z,comp-hexaloom-005
ast-hex-sub-015,video,user_submission_015.json,2024-01-22T09:15:00Z,comp-hexaloom-005
ast-hex-sub-016,video,user_submission_016.json,2024-03-25T14:00:00Z,comp-hexaloom-005
ast-hex-sub-017,video,user_submission_017.json,2024-03-26T10:30:00Z,comp-hexaloom-005
ast-hex-sub-018,text,user_submission_018.json,2024-03-27T16:45:00Z,comp-hexaloom-005
ast-hex-sub-019,video,user_submission_019.json,2024-06-15T09:00:00Z,comp-hexaloom-005
ast-hex-sub-020,video,user_submission_020.json,2024-06-16T11:20:00Z,comp-hexaloom-005
ast-hex-sub-021,audio,user_submission_021.json,2024-06-17T15:40:00Z,comp-hexaloom-005
ast-vel-001,pdf,amproxin_guide.json,2023-12-20T10:00:00Z,comp-veldra-001
ast-vel-002,pdf,dosage_safety.json,2023-12-20T11:00:00Z,comp-veldra-001
ast-vel-003,pdf,zaloric_moa.json,2023-12-25T10:00:00Z,comp-veldra-001
ast-vel-004,pdf,pain_comp_matrix.json,2023-12-30T10:00:00Z,comp-veldra-001
ast-aet-001,pdf,somnirel_benefits.json,2023-12-20T10:00:00Z,comp-aetheris-002
ast-aet-002,pdf,somnirel_cases.json,2023-12-20T11:00:00Z,comp-aetheris-002
ast-aet-003,pdf,nuvia_lowdose.json,2023-12-26T10:00:00Z,comp-aetheris-002
ast-aet-004,pdf,stress_science.json,2023-12-31T10:00:00Z,comp-aetheris-002
ast-vel-sub-001,video,vel_user_sub_001.json,2024-02-11T09:00:00Z,comp-veldra-001
ast-vel-sub-002,video,vel_user_sub_002.json,2024-02-13T09:00:00Z,comp-veldra-001
ast-vel-sub-003,video,vel_user_sub_003.json,2024-02-15T09:00:00Z,comp-veldra-001
ast-vel-sub-004,video,vel_user_sub_004.json,2024-02-14T09:00:00Z,comp-veldra-001
ast-vel-sub-005,text,vel_user_sub_005.json,2024-02-13T09:00:00Z,comp-veldra-001
ast-aet-sub-001,audio,aet_user_sub_001.json,2024-02-13T09:00:00Z,comp-aetheris-002
ast-aet-sub-002,text,aet_user_sub_002.json,2024-02-13T09:00:00Z,comp-aetheris-002
ast-aet-sub-003,text,aet_user_sub_003.json,2024-02-12T09:00:00Z,comp-aetheris-002
ast-aet-sub-004,video,aet_user_sub_004.json,2024-02-11T09:00:00Z,comp-aetheris-002
ast-kyb-001,pdf,gridmaster_blueprint.json,2024-02-15T10:00:00Z,comp-kyberon-003
ast-kyb-002,video,kstream_v_vorex.json,2024-02-20T10:00:00Z,comp-kyberon-003
ast-sen-001,pdf,lumina_ux_guide.json,2024-02-15T10:00:00Z,comp-sentivue-004
ast-sen-002,video,sentilink_ai_speed.json,2024-02-21T10:00:00Z,comp-sentivue-004
ast-sub-kyb-001,audio,kyb_user_sub_1.json,2024-04-12T09:00:00Z,comp-kyberon-003
ast-sub-kyb-002,video,kyb_user_sub_2.json,2024-04-13T09:00:00Z,comp-kyberon-003
ast-sub-kyb-003,text,kyb_user_sub_3.json,2024-04-13T09:00:00Z,comp-kyberon-003
ast-sub-kyb-004,video,kyb_user_sub_4.json,2024-04-11T09:00:00Z,comp-kyberon-003
ast-sub-kyb-005,audio,kyb_user_sub_5.json,2024-04-15T09:00:00Z,comp-kyberon-003
ast-sub-kyb-006,audio,kyb_user_sub_6.json,2024-04-11T09:00:00Z,comp-kyberon-003
ast-sub-sen-007,audio,sen_user_sub_7.json,2024-04-14T09:00:00Z,comp-sentivue-004
ast-sub-sen-008,video,sen_user_sub_8.json,2024-04-11T09:00:00Z,comp-sentivue-004
ast-sub-sen-009,text,sen_user_sub_9.json,2024-04-13T09:00:00Z,comp-sentivue-004
ast-sub-sen-010,text,sen_user_sub_10.json,2024-04-13T09:00:00Z,comp-sentivue-004
ast-sub-sen-011,audio,sen_user_sub_11.json,2024-04-15T09:00:00Z,comp-sentivue-004
ast-sub-sen-012,audio,sen_user_sub_12.json,2024-04-11T09:00:00Z,comp-sentivue-004